{
  "starting_position": {
    "x": 7.21875,
    "y": 6.4296875
  },
  "starting_heading": 0,
  "count": 16,
  "0": {
    "x": 23.191,
    "y": 6.481
  },
  "1": {
    "x": 23.096,
    "y": 20.197
  },
  "2": {
    "x": 25.874,
    "y": 30.284
  },
  "3": {
    "x": 58.515,
    "y": 30.072
  },
  "4": {
    "x": 63.871,
    "y": 30.185
  },
  "5": {
    "x": 63.701,
    "y": 6.558
  },
  "6": {
    "x": 58.026,
    "y": 6.548
  },
  "7": {
    "x": 25.52,
    "y": 6.533
  },
  "8": {
    "x": 23.191,
    "y": 6.481
  },
  "9": {
    "x": 23.096,
    "y": 20.197
  },
  "10": {
    "x": 6.39,
    "y": 20.049
  },
  "11": {
    "x": 6.285,
    "y": 30.157
  },
  "12": {
    "x": 22.481,
    "y": 30.256
  },
  "13": {
    "x": 23.096,
    "y": 20.197
  },
  "14": {
    "x": 23.191,
    "y": 6.481
  },
  "15": {
    "x": 7.147,
    "y": 6.154
  }
}