{
  "starting_position": {
    "x": 7.21875,
    "y": 6.4296875
  },
  "starting_heading": 2,
  "count": 28,
  "0": {
    "x": 11.4078,
    "y": 6.48688
  },
  "1": {
    "x": 18.9004,
    "y": 6.4112
  },
  "2": {
    "x": 23.1344,
    "y": 12.6908
  },
  "3": {
    "x": 23.0284,
    "y": 24.8804
  },
  "4": {
    "x": 30.1732,
    "y": 30.1888
  },
  "5": {
    "x": 40.0888,
    "y": 30.1468
  },
  "6": {
    "x": 48.9072,
    "y": 30.1856
  },
  "7": {
    "x": 59.1224,
    "y": 30.16
  },
  "8": {
    "x": 63.8208,
    "y": 26.444
  },
  "9": {
    "x": 63.8208,
    "y": 18.9632
  },
  "10": {
    "x": 63.8208,
    "y": 12.686
  },
  "11": {
    "x": 62.84,
    "y": 6.4852
  },
  "12": {
    "x": 58.578,
    "y": 6.456
  },
  "13": {
    "x": 48.8844,
    "y": 6.4508
  },
  "14": {
    "x": 36.4256,
    "y": 6.4392
  },
  "15": {
    "x": 25.296,
    "y": 6.3544
  },
  "16": {
    "x": 23.1344,
    "y": 12.6908
  },
  "17": {
    "x": 19.196,
    "y": 20.068
  },
  "18": {
    "x": 9.6796,
    "y": 20.0564
  },
  "19": {
    "x": 6.4184,
    "y": 22.666
  },
  "20": {
    "x": 6.3384,
    "y": 28.8784
  },
  "21": {
    "x": 10.2168,
    "y": 30.212
  },
  "22": {
    "x": 18.878,
    "y": 30.292
  },
  "23": {
    "x": 23.0284,
    "y": 24.8804
  },
  "24": {
    "x": 23.1344,
    "y": 12.6908
  },
  "25": {
    "x": 18.9004,
    "y": 6.4112
  },
  "26": {
    "x": 11.4078,
    "y": 6.48688
  },
  "27": {
    "x": 7.147,
    "y": 6.154
  }
}